{
    "z": 40,
    "e": 28.5648595796,
    "rb": 400,
    "rp": 1.5,
    "m": 21.28355545,
    "C": 401.583156,
    "rc": 105.102
}