{
    "z": 40,
    "e": 28.5648595796,
    "rb": 401,
    "rp": 1.5,
    "m": 21.28355545,
    "C": 402.583,
    "rc": 106.102
}