{
    "z": 40,
    "e": 28.5648595796,
    "rb": 398,
    "rp": 1.5,
    "m": 21.28355545,
    "C": 400,
    "rc": 104
}